$,$,$
Giovanni&Schizzo,133,18
Giovanni&Schizzo,572,84
Giovanni&Schizzo,2170,1
Giovanni&Schizzo,4807,1
Giovanni&Schizzo,4976,70
Giovanni&Schizzo,7529,12
Giovanni&Schizzo,7329,5
Giovanni&Schizzo,6990,9
Giovanni&Schizzo,7068,1
Giovanni&Schizzo,6495,1
Giovanni&Schizzo,5307,1
Giovanni&Schizzo,4777,191
Giovanni&Schizzo,6677,12
Giovanni&Schizzo,7472,20
Giovanni&Schizzo,7535,1
Giovanni&Schizzo,2848,73
Giovanni&Schizzo,6898,3
Giovanni&Schizzo,5946,1
Giovanni&Schizzo,6549,1
Giovanni&Schizzo,5951,309
Giovanni&Schizzo,2012,1
Giovanni&Schizzo,4371,58
Giovanni&Schizzo,2061,134
Giovanni&Schizzo,7484,44
Giovanni&Schizzo,4923,40
$,$,$
Mario&Giuseppe,6248,3
Mario&Giuseppe,7332,20
Mario&Giuseppe,6462,43
Mario&Giuseppe,6531,34
Mario&Giuseppe,7414,7
Mario&Giuseppe,4998,93
Mario&Giuseppe,5750,36
Mario&Giuseppe,5982,57
Mario&Giuseppe,6217,21
Mario&Giuseppe,5885,1
Mario&Giuseppe,6986,1
Mario&Giuseppe,1933,1
Mario&Giuseppe,6372,65
Mario&Giuseppe,5119,72
Mario&Giuseppe,2766,109
Mario&Giuseppe,7436,75
Mario&Giuseppe,6274,55
Mario&Giuseppe,7223,1
Mario&Giuseppe,2765,1
Mario&Giuseppe,5029,16
Mario&Giuseppe,7554,14
Mario&Giuseppe,6434,300
Mario&Giuseppe,7342,1
Mario&Giuseppe,7313,3
Mario&Giuseppe,4728,1
$,$,$
Attilio&Carlo,4431,108
Attilio&Carlo,4236,8
Attilio&Carlo,4,1
Attilio&Carlo,5555,1
Attilio&Carlo,5022,40
Attilio&Carlo,6426,14
Attilio&Carlo,6989,10
Attilio&Carlo,7294,24
Attilio&Carlo,7219,24
Attilio&Carlo,6664,6
Attilio&Carlo,6238,1
Attilio&Carlo,6190,1
Attilio&Carlo,4892,30
Attilio&Carlo,152,93
Attilio&Carlo,184,31
Attilio&Carlo,6884,170
Attilio&Carlo,6684,77
Attilio&Carlo,6680,2
Attilio&Carlo,5589,53
Attilio&Carlo,7547,25
Attilio&Carlo,4510,23
Attilio&Carlo,5436,11
Attilio&Carlo,531,93
Attilio&Carlo,5995,110
Attilio&Carlo,309,133
$,$,$
Attilio&Samuele,4312,106
Attilio&Samuele,2815,1
Attilio&Samuele,6813,1
Attilio&Samuele,4502,2
Attilio&Samuele,7175,1
Attilio&Samuele,6042,18
Attilio&Samuele,6956,48
Attilio&Samuele,554,25
Attilio&Samuele,2120,53
Attilio&Samuele,7537,1
Attilio&Samuele,4887,1
Attilio&Samuele,827,3
Attilio&Samuele,4199,1
Attilio&Samuele,6218,11
Attilio&Samuele,6875,195
Attilio&Samuele,7314,39
Attilio&Samuele,632,75
Attilio&Samuele,5800,51
Attilio&Samuele,2077,1
Attilio&Samuele,2097,305
Attilio&Samuele,6060,54
Attilio&Samuele,4896,8
Attilio&Samuele,6967,46
Attilio&Samuele,4463,1
Attilio&Samuele,7252,1
$,$,$
Lorenzo&Giuseppe,2814,16
Lorenzo&Giuseppe,6482,31
Lorenzo&Giuseppe,5116,107
Lorenzo&Giuseppe,5833,36
Lorenzo&Giuseppe,6660,2
Lorenzo&Giuseppe,5701,6
Lorenzo&Giuseppe,7410,2
Lorenzo&Giuseppe,7274,1
Lorenzo&Giuseppe,5838,1
Lorenzo&Giuseppe,2788,52
Lorenzo&Giuseppe,2816,41
Lorenzo&Giuseppe,6678,2
Lorenzo&Giuseppe,4973,55
Lorenzo&Giuseppe,2606,37
Lorenzo&Giuseppe,6151,17
Lorenzo&Giuseppe,536,38
Lorenzo&Giuseppe,5562,35
Lorenzo&Giuseppe,5687,90
Lorenzo&Giuseppe,7129,8
Lorenzo&Giuseppe,6831,1
Lorenzo&Giuseppe,5734,36
Lorenzo&Giuseppe,4871,401
Lorenzo&Giuseppe,2832,1
Lorenzo&Giuseppe,6572,39
Lorenzo&Giuseppe,7213,1
$,$,$
Francesco&Vincenzo,5320,1
Francesco&Vincenzo,2521,87
Francesco&Vincenzo,6403,1
Francesco&Vincenzo,6632,1
Francesco&Vincenzo,4210,5
Francesco&Vincenzo,6814,36
Francesco&Vincenzo,4817,4
Francesco&Vincenzo,7268,1
Francesco&Vincenzo,4374,4
Francesco&Vincenzo,7181,93
Francesco&Vincenzo,4159,49
Francesco&Vincenzo,7464,1
Francesco&Vincenzo,2379,99
Francesco&Vincenzo,2194,169
Francesco&Vincenzo,6618,1
Francesco&Vincenzo,5878,2
Francesco&Vincenzo,5858,13
Francesco&Vincenzo,4364,15
Francesco&Vincenzo,5791,1
Francesco&Vincenzo,6204,1
Francesco&Vincenzo,2764,450
Francesco&Vincenzo,5882,3
Francesco&Vincenzo,7023,41
Francesco&Vincenzo,4359,6
Francesco&Vincenzo,6646,1
$,$,$
Francesco,4964,118
Francesco,5876,1
Francesco,218,1
Francesco,7212,4
Francesco,7485,7
Francesco,4317,39
Francesco,5526,8
Francesco,6867,11
Francesco,254,146
Francesco,6320,1
Francesco,6638,1
Francesco,2423,173
Francesco,6908,103
Francesco,7060,10
Francesco,4856,12
Francesco,779,4
Francesco,6398,32
Francesco,4465,1
Francesco,4220,5
Francesco,2038,18
Francesco,6397,365
Francesco,6164,16
Francesco,6669,15
Francesco,608,8
Francesco,6519,1
$,$,$
Martin&Matteo,5841,120
Martin&Matteo,610,1
Martin&Matteo,4485,1
Martin&Matteo,2296,44
Martin&Matteo,1852,35
Martin&Matteo,5862,18
Martin&Matteo,4994,16
Martin&Matteo,5877,2
Martin&Matteo,5641,14
Martin&Matteo,5365,41
Martin&Matteo,7253,1
Martin&Matteo,6844,72
Martin&Matteo,7070,1
Martin&Matteo,5823,16
Martin&Matteo,1870,50
Martin&Matteo,7126,162
Martin&Matteo,4911,16
Martin&Matteo,6010,32
Martin&Matteo,5507,1
Martin&Matteo,6904,4
Martin&Matteo,5637,133
Martin&Matteo,7017,144
Martin&Matteo,6675,140
Martin&Matteo,6556,1
Martin&Matteo,5672,1
$,$,$
Manuel&Saverio,4360,20
Manuel&Saverio,2134,25
Manuel&Saverio,6415,1
Manuel&Saverio,4401,4
Manuel&Saverio,6672,3
Manuel&Saverio,4734,23
Manuel&Saverio,6869,27
Manuel&Saverio,5514,6
Manuel&Saverio,6496,14
Manuel&Saverio,5520,46
Manuel&Saverio,4657,4
Manuel&Saverio,7078,75
Manuel&Saverio,6503,1
Manuel&Saverio,6783,1
Manuel&Saverio,5761,5
Manuel&Saverio,6666,15
Manuel&Saverio,5559,101
Manuel&Saverio,5792,79
Manuel&Saverio,4287,6
Manuel&Saverio,6530,8
Manuel&Saverio,6435,40
Manuel&Saverio,5585,432
Manuel&Saverio,7351,75
Manuel&Saverio,6229,51
Manuel&Saverio,7347,11
$,$,$
GianPaolo&Luca,6966,101
GianPaolo&Luca,7301,1
GianPaolo&Luca,6662,5
GianPaolo&Luca,6485,20
GianPaolo&Luca,4409,39
GianPaolo&Luca,2514,26
GianPaolo&Luca,4433,10
GianPaolo&Luca,6642,1
GianPaolo&Luca,6727,30
GianPaolo&Luca,6189,1
GianPaolo&Luca,4845,1
GianPaolo&Luca,7556,57
GianPaolo&Luca,6294,5
GianPaolo&Luca,2167,148
GianPaolo&Luca,5844,10
GianPaolo&Luca,5888,5
GianPaolo&Luca,2517,97
GianPaolo&Luca,7551,1
GianPaolo&Luca,5422,1
GianPaolo&Luca,6052,304
GianPaolo&Luca,6215,1
GianPaolo&Luca,2137,102
GianPaolo&Luca,7071,74
GianPaolo&Luca,2155,36
GianPaolo&Luca,7001,2
$,$,$
